Workbook

Sheet التعليمات
A1: شيت مبيعات Everest — دليل الاستخدام
A3: الفكرة | B3: مدير المبيعات يسجّل كل صفقة عبر نموذج جوجل مرة واحدة، والشيت يحسب كل الباقي تلقائياً: مجاميع كل مستشار، مجاميع كل فريق، ونسبة الإنجاز — دون كتابة رقم واحد يدوياً.
A5: خطوات التجهيز (مرة واحدة)
A6: 1 | B6: افتح الشيت في Google Sheets (يُفتح تلقائياً بعد الرفع).
A7: 2 | B7: املأ شيت «Teams» بأسماء الفروع، ثم شيت «Agents» بأسماء المستشارين وفريق كل واحد ومستهدف كل ربع.
A8: 3 | B8: من القائمة: Extensions ← Apps Script.
A9: 4 | B9: احذف أي كود موجود، والصق كامل محتوى ملف setup_form.gs المرفق.
A10: 5 | B10: اختر الدالة setupForm من القائمة العلوية ثم اضغط ▶ تشغيل، ووافق على الأذونات عند الطلب (أول مرة فقط).
A11: 6 | B11: افتح Execution log (Ctrl+Enter) لترى رابطين: رابط تعبئة النموذج أرسله لمدير المبيعات فقط، ورابط تحرير النموذج لك أنت.
A13: الاستخدام اليومي | B13: مدير المبيعات يفتح رابط النموذج بعد كل صفقة ويملأ: المستشار، قيمة الصفقة، التاريخ. لا يحتاج اختيار الفريق — الشيت يستنتجه تلقائياً.
A15: أين أرى كل شيء
A16: Teams | B16: قائمة الفروع + عدد الأعضاء + مستهدف كل ربع — تُحسب تلقائياً.
A17: Agents | B17: كل مستشار: مستهدف كل ربع (تكتبه أنت) ومبيعات كل ربع (تُحسب تلقائياً من سجل المبيعات).
A18: سجل المبيعات | B18: كل صفقة كسطر واحد — هذا ما يملأه النموذج. لا تُعدّل فيه يدوياً إلا للتصحيح.
A19: تفاصيل المستشار | B19: اختر اسم مستشار من القائمة المنسدلة في الأعلى لترى كل صفقاته وتقدّمه لحظياً.
A20: الإعدادات | B20: خانة السنة المستخدمة في كل الحسابات — غيّرها في بداية عام جديد لأرشفة العام السابق.
A22: الربط بلوحة العرض | B22: لو كانت هذه اللوحة (Everest Leaderboard) مربوطة بشيت جوجل، انسخ معرّف هذا الملف من رابطه (الجزء بين /d/ و /edit) وضعه في سرّ SHEET_ID على Supabase، ثم شغّل مزامنة sheets-sync.

Sheet الإعدادات
A1: الإعداد | B1: القيمة | C1: ملاحظة
A3: السنة الحالية | B3: 2026 | C3: تُستخدم في كل معادلات تجميع المبيعات أدناه

Sheet Teams
A1: name | B1: name_ar | C1: photo | D1: عدد الأعضاء | E1: مستهدف Q1 | F1: مستهدف Q2 | G1: مستهدف Q3 | H1: مستهدف Q4 | I1: إجمالي مستهدف السنة
A2: New Capital | B2: العاصمة الإدارية | D2: =IF($A2="","",COUNTIF(Agents!$C$2:$C$500,$A2)) | E2: =IF($A2="","",SUMIF(Agents!$C$2:$C$500,$A2,Agents!$E$2:$E$500)) | F2: =IF($A2="","",SUMIF(Agents!$C$2:$C$500,$A2,Agents!$G$2:$G$500)) | G2: =IF($A2="","",SUMIF(Agents!$C$2:$C$500,$A2,Agents!$I$2:$I$500)) | H2: =IF($A2="","",SUMIF(Agents!$C$2:$C$500,$A2,Agents!$K$2:$K$500)) | I2: =IF($A2="","",SUM(E2:H2))
A3: North Coast | B3: الساحل الشمالي | D3: =IF($A3="","",COUNTIF(Agents!$C$2:$C$500,$A3)) | E3: =IF($A3="","",SUMIF(Agents!$C$2:$C$500,$A3,Agents!$E$2:$E$500)) | F3: =IF($A3="","",SUMIF(Agents!$C$2:$C$500,$A3,Agents!$G$2:$G$500)) | G3: =IF($A3="","",SUMIF(Agents!$C$2:$C$500,$A3,Agents!$I$2:$I$500)) | H3: =IF($A3="","",SUMIF(Agents!$C$2:$C$500,$A3,Agents!$K$2:$K$500)) | I3: =IF($A3="","",SUM(E3:H3))
A4: Alexandria | B4: الإسكندرية | D4: =IF($A4="","",COUNTIF(Agents!$C$2:$C$500,$A4)) | E4: =IF($A4="","",SUMIF(Agents!$C$2:$C$500,$A4,Agents!$E$2:$E$500)) | F4: =IF($A4="","",SUMIF(Agents!$C$2:$C$500,$A4,Agents!$G$2:$G$500)) | G4: =IF($A4="","",SUMIF(Agents!$C$2:$C$500,$A4,Agents!$I$2:$I$500)) | H4: =IF($A4="","",SUMIF(Agents!$C$2:$C$500,$A4,Agents!$K$2:$K$500)) | I4: =IF($A4="","",SUM(E4:H4))
D5: =IF($A5="","",COUNTIF(Agents!$C$2:$C$500,$A5)) | E5: =IF($A5="","",SUMIF(Agents!$C$2:$C$500,$A5,Agents!$E$2:$E$500)) | F5: =IF($A5="","",SUMIF(Agents!$C$2:$C$500,$A5,Agents!$G$2:$G$500)) | G5: =IF($A5="","",SUMIF(Agents!$C$2:$C$500,$A5,Agents!$I$2:$I$500)) | H5: =IF($A5="","",SUMIF(Agents!$C$2:$C$500,$A5,Agents!$K$2:$K$500)) | I5: =IF($A5="","",SUM(E5:H5))
D6: =IF($A6="","",COUNTIF(Agents!$C$2:$C$500,$A6)) | E6: =IF($A6="","",SUMIF(Agents!$C$2:$C$500,$A6,Agents!$E$2:$E$500)) | F6: =IF($A6="","",SUMIF(Agents!$C$2:$C$500,$A6,Agents!$G$2:$G$500)) | G6: =IF($A6="","",SUMIF(Agents!$C$2:$C$500,$A6,Agents!$I$2:$I$500)) | H6: =IF($A6="","",SUMIF(Agents!$C$2:$C$500,$A6,Agents!$K$2:$K$500)) | I6: =IF($A6="","",SUM(E6:H6))
D7: =IF($A7="","",COUNTIF(Agents!$C$2:$C$500,$A7)) | E7: =IF($A7="","",SUMIF(Agents!$C$2:$C$500,$A7,Agents!$E$2:$E$500)) | F7: =IF($A7="","",SUMIF(Agents!$C$2:$C$500,$A7,Agents!$G$2:$G$500)) | G7: =IF($A7="","",SUMIF(Agents!$C$2:$C$500,$A7,Agents!$I$2:$I$500)) | H7: =IF($A7="","",SUMIF(Agents!$C$2:$C$500,$A7,Agents!$K$2:$K$500)) | I7: =IF($A7="","",SUM(E7:H7))
D8: =IF($A8="","",COUNTIF(Agents!$C$2:$C$500,$A8)) | E8: =IF($A8="","",SUMIF(Agents!$C$2:$C$500,$A8,Agents!$E$2:$E$500)) | F8: =IF($A8="","",SUMIF(Agents!$C$2:$C$500,$A8,Agents!$G$2:$G$500)) | G8: =IF($A8="","",SUMIF(Agents!$C$2:$C$500,$A8,Agents!$I$2:$I$500)) | H8: =IF($A8="","",SUMIF(Agents!$C$2:$C$500,$A8,Agents!$K$2:$K$500)) | I8: =IF($A8="","",SUM(E8:H8))
D9: =IF($A9="","",COUNTIF(Agents!$C$2:$C$500,$A9)) | E9: =IF($A9="","",SUMIF(Agents!$C$2:$C$500,$A9,Agents!$E$2:$E$500)) | F9: =IF($A9="","",SUMIF(Agents!$C$2:$C$500,$A9,Agents!$G$2:$G$500)) | G9: =IF($A9="","",SUMIF(Agents!$C$2:$C$500,$A9,Agents!$I$2:$I$500)) | H9: =IF($A9="","",SUMIF(Agents!$C$2:$C$500,$A9,Agents!$K$2:$K$500)) | I9: =IF($A9="","",SUM(E9:H9))
D10: =IF($A10="","",COUNTIF(Agents!$C$2:$C$500,$A10)) | E10: =IF($A10="","",SUMIF(Agents!$C$2:$C$500,$A10,Agents!$E$2:$E$500)) | F10: =IF($A10="","",SUMIF(Agents!$C$2:$C$500,$A10,Agents!$G$2:$G$500)) | G10: =IF($A10="","",SUMIF(Agents!$C$2:$C$500,$A10,Agents!$I$2:$I$500)) | H10: =IF($A10="","",SUMIF(Agents!$C$2:$C$500,$A10,Agents!$K$2:$K$500)) | I10: =IF($A10="","",SUM(E10:H10))
D11: =IF($A11="","",COUNTIF(Agents!$C$2:$C$500,$A11)) | E11: =IF($A11="","",SUMIF(Agents!$C$2:$C$500,$A11,Agents!$E$2:$E$500)) | F11: =IF($A11="","",SUMIF(Agents!$C$2:$C$500,$A11,Agents!$G$2:$G$500)) | G11: =IF($A11="","",SUMIF(Agents!$C$2:$C$500,$A11,Agents!$I$2:$I$500)) | H11: =IF($A11="","",SUMIF(Agents!$C$2:$C$500,$A11,Agents!$K$2:$K$500)) | I11: =IF($A11="","",SUM(E11:H11))
D12: =IF($A12="","",COUNTIF(Agents!$C$2:$C$500,$A12)) | E12: =IF($A12="","",SUMIF(Agents!$C$2:$C$500,$A12,Agents!$E$2:$E$500)) | F12: =IF($A12="","",SUMIF(Agents!$C$2:$C$500,$A12,Agents!$G$2:$G$500)) | G12: =IF($A12="","",SUMIF(Agents!$C$2:$C$500,$A12,Agents!$I$2:$I$500)) | H12: =IF($A12="","",SUMIF(Agents!$C$2:$C$500,$A12,Agents!$K$2:$K$500)) | I12: =IF($A12="","",SUM(E12:H12))
D13: =IF($A13="","",COUNTIF(Agents!$C$2:$C$500,$A13)) | E13: =IF($A13="","",SUMIF(Agents!$C$2:$C$500,$A13,Agents!$E$2:$E$500)) | F13: =IF($A13="","",SUMIF(Agents!$C$2:$C$500,$A13,Agents!$G$2:$G$500)) | G13: =IF($A13="","",SUMIF(Agents!$C$2:$C$500,$A13,Agents!$I$2:$I$500)) | H13: =IF($A13="","",SUMIF(Agents!$C$2:$C$500,$A13,Agents!$K$2:$K$500)) | I13: =IF($A13="","",SUM(E13:H13))
D14: =IF($A14="","",COUNTIF(Agents!$C$2:$C$500,$A14)) | E14: =IF($A14="","",SUMIF(Agents!$C$2:$C$500,$A14,Agents!$E$2:$E$500)) | F14: =IF($A14="","",SUMIF(Agents!$C$2:$C$500,$A14,Agents!$G$2:$G$500)) | G14: =IF($A14="","",SUMIF(Agents!$C$2:$C$500,$A14,Agents!$I$2:$I$500)) | H14: =IF($A14="","",SUMIF(Agents!$C$2:$C$500,$A14,Agents!$K$2:$K$500)) | I14: =IF($A14="","",SUM(E14:H14))
D15: =IF($A15="","",COUNTIF(Agents!$C$2:$C$500,$A15)) | E15: =IF($A15="","",SUMIF(Agents!$C$2:$C$500,$A15,Agents!$E$2:$E$500)) | F15: =IF($A15="","",SUMIF(Agents!$C$2:$C$500,$A15,Agents!$G$2:$G$500)) | G15: =IF($A15="","",SUMIF(Agents!$C$2:$C$500,$A15,Agents!$I$2:$I$500)) | H15: =IF($A15="","",SUMIF(Agents!$C$2:$C$500,$A15,Agents!$K$2:$K$500)) | I15: =IF($A15="","",SUM(E15:H15))
D16: =IF($A16="","",COUNTIF(Agents!$C$2:$C$500,$A16)) | E16: =IF($A16="","",SUMIF(Agents!$C$2:$C$500,$A16,Agents!$E$2:$E$500)) | F16: =IF($A16="","",SUMIF(Agents!$C$2:$C$500,$A16,Agents!$G$2:$G$500)) | G16: =IF($A16="","",SUMIF(Agents!$C$2:$C$500,$A16,Agents!$I$2:$I$500)) | H16: =IF($A16="","",SUMIF(Agents!$C$2:$C$500,$A16,Agents!$K$2:$K$500)) | I16: =IF($A16="","",SUM(E16:H16))
... D31: =IF($A31="","",COUNTIF(Agents!$C$2:$C$500,$A31)) | E31: =IF($A31="","",SUMIF(Agents!$C$2:$C$500,$A31,Agents!$E$2:$E$500)) | F31: =IF($A31="","",SUMIF(Agents!$C$2:$C$500,$A31,Agents!$G$2:$G$500)) | G31: =IF($A31="","",SUMIF(Agents!$C$2:$C$500,$A31,Agents!$I$2:$I$500)) | H31: =IF($A31="","",SUMIF(Agents!$C$2:$C$500,$A31,Agents!$K$2:$K$500)) | I31: =IF($A31="","",SUM(E31:H31))

Sheet Agents
A1: name | B1: name_ar | C1: team | D1: photo | E1: q1_target | F1: q1_deals | G1: q2_target | H1: q2_deals | I1: q3_target | J1: q3_deals | K1: q4_target | L1: q4_deals | M1: % إنجاز الربع الحالي
A2: Omar Khaled | B2: عمر خالد | C2: New Capital | E2: 4000000 | F2: =IF($A2="","",SUMIFS('سجل المبيعات'!$C$2:$C$1001,'سجل المبيعات'!$B$2:$B$1001,$A2,'سجل المبيعات'!$H$2:$H$1001,1,'سجل المبيعات'!$G$2:$G$1001,الإعدادات!$B$2)) | G2: 4000000 | H2: =IF($A2="","",SUMIFS('سجل المبيعات'!$C$2:$C$1001,'سجل المبيعات'!$B$2:$B$1001,$A2,'سجل المبيعات'!$H$2:$H$1001,2,'سجل المبيعات'!$G$2:$G$1001,الإعدادات!$B$2)) | I2: 4000000 | J2: =IF($A2="","",SUMIFS('سجل المبيعات'!$C$2:$C$1001,'سجل المبيعات'!$B$2:$B$1001,$A2,'سجل المبيعات'!$H$2:$H$1001,3,'سجل المبيعات'!$G$2:$G$1001,الإعدادات!$B$2)) | K2: 4000000 | L2: =IF($A2="","",SUMIFS('سجل المبيعات'!$C$2:$C$1001,'سجل المبيعات'!$B$2:$B$1001,$A2,'سجل المبيعات'!$H$2:$H$1001,4,'سجل المبيعات'!$G$2:$G$1001,الإعدادات!$B$2)) | M2: =IF($A2="","",IFERROR(CHOOSE(ROUNDUP(MONTH(TODAY())/3,0),$F2/$E2,$H2/$G2,$J2/$I2,$L2/$K2),0))
A3: Nour Ibrahim | B3: نور إبراهيم | C3: New Capital | E3: 3500000 | F3: =IF($A3="","",SUMIFS('سجل المبيعات'!$C$2:$C$1001,'سجل المبيعات'!$B$2:$B$1001,$A3,'سجل المبيعات'!$H$2:$H$1001,1,'سجل المبيعات'!$G$2:$G$1001,الإعدادات!$B$2)) | G3: 3500000 | H3: =IF($A3="","",SUMIFS('سجل المبيعات'!$C$2:$C$1001,'سجل المبيعات'!$B$2:$B$1001,$A3,'سجل المبيعات'!$H$2:$H$1001,2,'سجل المبيعات'!$G$2:$G$1001,الإعدادات!$B$2)) | I3: 3500000 | J3: =IF($A3="","",SUMIFS('سجل المبيعات'!$C$2:$C$1001,'سجل المبيعات'!$B$2:$B$1001,$A3,'سجل المبيعات'!$H$2:$H$1001,3,'سجل المبيعات'!$G$2:$G$1001,الإعدادات!$B$2)) | K3: 3500000 | L3: =IF($A3="","",SUMIFS('سجل المبيعات'!$C$2:$C$1001,'سجل المبيعات'!$B$2:$B$1001,$A3,'سجل المبيعات'!$H$2:$H$1001,4,'سجل المبيعات'!$G$2:$G$1001,الإعدادات!$B$2)) | M3: =IF($A3="","",IFERROR(CHOOSE(ROUNDUP(MONTH(TODAY())/3,0),$F3/$E3,$H3/$G3,$J3/$I3,$L3/$K3),0))
A4: Mariam Adel | B4: مريم عادل | C4: North Coast | E4: 4000000 | F4: =IF($A4="","",SUMIFS('سجل المبيعات'!$C$2:$C$1001,'سجل المبيعات'!$B$2:$B$1001,$A4,'سجل المبيعات'!$H$2:$H$1001,1,'سجل المبيعات'!$G$2:$G$1001,الإعدادات!$B$2)) | G4: 4000000 | H4: =IF($A4="","",SUMIFS('سجل المبيعات'!$C$2:$C$1001,'سجل المبيعات'!$B$2:$B$1001,$A4,'سجل المبيعات'!$H$2:$H$1001,2,'سجل المبيعات'!$G$2:$G$1001,الإعدادات!$B$2)) | I4: 4000000 | J4: =IF($A4="","",SUMIFS('سجل المبيعات'!$C$2:$C$1001,'سجل المبيعات'!$B$2:$B$1001,$A4,'سجل المبيعات'!$H$2:$H$1001,3,'سجل المبيعات'!$G$2:$G$1001,الإعدادات!$B$2)) | K4: 4000000 | L4: =IF($A4="","",SUMIFS('سجل المبيعات'!$C$2:$C$1001,'سجل المبيعات'!$B$2:$B$1001,$A4,'سجل المبيعات'!$H$2:$H$1001,4,'سجل المبيعات'!$G$2:$G$1001,الإعدادات!$B$2)) | M4: =IF($A4="","",IFERROR(CHOOSE(ROUNDUP(MONTH(TODAY())/3,0),$F4/$E4,$H4/$G4,$J4/$I4,$L4/$K4),0))
A5: Youssef Hassan | B5: يوسف حسن | C5: Alexandria | E5: 3500000 | F5: =IF($A5="","",SUMIFS('سجل المبيعات'!$C$2:$C$1001,'سجل المبيعات'!$B$2:$B$1001,$A5,'سجل المبيعات'!$H$2:$H$1001,1,'سجل المبيعات'!$G$2:$G$1001,الإعدادات!$B$2)) | G5: 3500000 | H5: =IF($A5="","",SUMIFS('سجل المبيعات'!$C$2:$C$1001,'سجل المبيعات'!$B$2:$B$1001,$A5,'سجل المبيعات'!$H$2:$H$1001,2,'سجل المبيعات'!$G$2:$G$1001,الإعدادات!$B$2)) | I5: 3500000 | J5: =IF($A5="","",SUMIFS('سجل المبيعات'!$C$2:$C$1001,'سجل المبيعات'!$B$2:$B$1001,$A5,'سجل المبيعات'!$H$2:$H$1001,3,'سجل المبيعات'!$G$2:$G$1001,الإعدادات!$B$2)) | K5: 3500000 | L5: =IF($A5="","",SUMIFS('سجل المبيعات'!$C$2:$C$1001,'سجل المبيعات'!$B$2:$B$1001,$A5,'سجل المبيعات'!$H$2:$H$1001,4,'سجل المبيعات'!$G$2:$G$1001,الإعدادات!$B$2)) | M5: =IF($A5="","",IFERROR(CHOOSE(ROUNDUP(MONTH(TODAY())/3,0),$F5/$E5,$H5/$G5,$J5/$I5,$L5/$K5),0))
F6: =IF($A6="","",SUMIFS('سجل المبيعات'!$C$2:$C$1001,'سجل المبيعات'!$B$2:$B$1001,$A6,'سجل المبيعات'!$H$2:$H$1001,1,'سجل المبيعات'!$G$2:$G$1001,الإعدادات!$B$2)) | H6: =IF($A6="","",SUMIFS('سجل المبيعات'!$C$2:$C$1001,'سجل المبيعات'!$B$2:$B$1001,$A6,'سجل المبيعات'!$H$2:$H$1001,2,'سجل المبيعات'!$G$2:$G$1001,الإعدادات!$B$2)) | J6: =IF($A6="","",SUMIFS('سجل المبيعات'!$C$2:$C$1001,'سجل المبيعات'!$B$2:$B$1001,$A6,'سجل المبيعات'!$H$2:$H$1001,3,'سجل المبيعات'!$G$2:$G$1001,الإعدادات!$B$2)) | L6: =IF($A6="","",SUMIFS('سجل المبيعات'!$C$2:$C$1001,'سجل المبيعات'!$B$2:$B$1001,$A6,'سجل المبيعات'!$H$2:$H$1001,4,'سجل المبيعات'!$G$2:$G$1001,الإعدادات!$B$2)) | M6: =IF($A6="","",IFERROR(CHOOSE(ROUNDUP(MONTH(TODAY())/3,0),$F6/$E6,$H6/$G6,$J6/$I6,$L6/$K6),0))
F7: =IF($A7="","",SUMIFS('سجل المبيعات'!$C$2:$C$1001,'سجل المبيعات'!$B$2:$B$1001,$A7,'سجل المبيعات'!$H$2:$H$1001,1,'سجل المبيعات'!$G$2:$G$1001,الإعدادات!$B$2)) | H7: =IF($A7="","",SUMIFS('سجل المبيعات'!$C$2:$C$1001,'سجل المبيعات'!$B$2:$B$1001,$A7,'سجل المبيعات'!$H$2:$H$1001,2,'سجل المبيعات'!$G$2:$G$1001,الإعدادات!$B$2)) | J7: =IF($A7="","",SUMIFS('سجل المبيعات'!$C$2:$C$1001,'سجل المبيعات'!$B$2:$B$1001,$A7,'سجل المبيعات'!$H$2:$H$1001,3,'سجل المبيعات'!$G$2:$G$1001,الإعدادات!$B$2)) | L7: =IF($A7="","",SUMIFS('سجل المبيعات'!$C$2:$C$1001,'سجل المبيعات'!$B$2:$B$1001,$A7,'سجل المبيعات'!$H$2:$H$1001,4,'سجل المبيعات'!$G$2:$G$1001,الإعدادات!$B$2)) | M7: =IF($A7="","",IFERROR(CHOOSE(ROUNDUP(MONTH(TODAY())/3,0),$F7/$E7,$H7/$G7,$J7/$I7,$L7/$K7),0))
F8: =IF($A8="","",SUMIFS('سجل المبيعات'!$C$2:$C$1001,'سجل المبيعات'!$B$2:$B$1001,$A8,'سجل المبيعات'!$H$2:$H$1001,1,'سجل المبيعات'!$G$2:$G$1001,الإعدادات!$B$2)) | H8: =IF($A8="","",SUMIFS('سجل المبيعات'!$C$2:$C$1001,'سجل المبيعات'!$B$2:$B$1001,$A8,'سجل المبيعات'!$H$2:$H$1001,2,'سجل المبيعات'!$G$2:$G$1001,الإعدادات!$B$2)) | J8: =IF($A8="","",SUMIFS('سجل المبيعات'!$C$2:$C$1001,'سجل المبيعات'!$B$2:$B$1001,$A8,'سجل المبيعات'!$H$2:$H$1001,3,'سجل المبيعات'!$G$2:$G$1001,الإعدادات!$B$2)) | L8: =IF($A8="","",SUMIFS('سجل المبيعات'!$C$2:$C$1001,'سجل المبيعات'!$B$2:$B$1001,$A8,'سجل المبيعات'!$H$2:$H$1001,4,'سجل المبيعات'!$G$2:$G$1001,الإعدادات!$B$2)) | M8: =IF($A8="","",IFERROR(CHOOSE(ROUNDUP(MONTH(TODAY())/3,0),$F8/$E8,$H8/$G8,$J8/$I8,$L8/$K8),0))
F9: =IF($A9="","",SUMIFS('سجل المبيعات'!$C$2:$C$1001,'سجل المبيعات'!$B$2:$B$1001,$A9,'سجل المبيعات'!$H$2:$H$1001,1,'سجل المبيعات'!$G$2:$G$1001,الإعدادات!$B$2)) | H9: =IF($A9="","",SUMIFS('سجل المبيعات'!$C$2:$C$1001,'سجل المبيعات'!$B$2:$B$1001,$A9,'سجل المبيعات'!$H$2:$H$1001,2,'سجل المبيعات'!$G$2:$G$1001,الإعدادات!$B$2)) | J9: =IF($A9="","",SUMIFS('سجل المبيعات'!$C$2:$C$1001,'سجل المبيعات'!$B$2:$B$1001,$A9,'سجل المبيعات'!$H$2:$H$1001,3,'سجل المبيعات'!$G$2:$G$1001,الإعدادات!$B$2)) | L9: =IF($A9="","",SUMIFS('سجل المبيعات'!$C$2:$C$1001,'سجل المبيعات'!$B$2:$B$1001,$A9,'سجل المبيعات'!$H$2:$H$1001,4,'سجل المبيعات'!$G$2:$G$1001,الإعدادات!$B$2)) | M9: =IF($A9="","",IFERROR(CHOOSE(ROUNDUP(MONTH(TODAY())/3,0),$F9/$E9,$H9/$G9,$J9/$I9,$L9/$K9),0))
F10: =IF($A10="","",SUMIFS('سجل المبيعات'!$C$2:$C$1001,'سجل المبيعات'!$B$2:$B$1001,$A10,'سجل المبيعات'!$H$2:$H$1001,1,'سجل المبيعات'!$G$2:$G$1001,الإعدادات!$B$2)) | H10: =IF($A10="","",SUMIFS('سجل المبيعات'!$C$2:$C$1001,'سجل المبيعات'!$B$2:$B$1001,$A10,'سجل المبيعات'!$H$2:$H$1001,2,'سجل المبيعات'!$G$2:$G$1001,الإعدادات!$B$2)) | J10: =IF($A10="","",SUMIFS('سجل المبيعات'!$C$2:$C$1001,'سجل المبيعات'!$B$2:$B$1001,$A10,'سجل المبيعات'!$H$2:$H$1001,3,'سجل المبيعات'!$G$2:$G$1001,الإعدادات!$B$2)) | L10: =IF($A10="","",SUMIFS('سجل المبيعات'!$C$2:$C$1001,'سجل المبيعات'!$B$2:$B$1001,$A10,'سجل المبيعات'!$H$2:$H$1001,4,'سجل المبيعات'!$G$2:$G$1001,الإعدادات!$B$2)) | M10: =IF($A10="","",IFERROR(CHOOSE(ROUNDUP(MONTH(TODAY())/3,0),$F10/$E10,$H10/$G10,$J10/$I10,$L10/$K10),0))
F11: =IF($A11="","",SUMIFS('سجل المبيعات'!$C$2:$C$1001,'سجل المبيعات'!$B$2:$B$1001,$A11,'سجل المبيعات'!$H$2:$H$1001,1,'سجل المبيعات'!$G$2:$G$1001,الإعدادات!$B$2)) | H11: =IF($A11="","",SUMIFS('سجل المبيعات'!$C$2:$C$1001,'سجل المبيعات'!$B$2:$B$1001,$A11,'سجل المبيعات'!$H$2:$H$1001,2,'سجل المبيعات'!$G$2:$G$1001,الإعدادات!$B$2)) | J11: =IF($A11="","",SUMIFS('سجل المبيعات'!$C$2:$C$1001,'سجل المبيعات'!$B$2:$B$1001,$A11,'سجل المبيعات'!$H$2:$H$1001,3,'سجل المبيعات'!$G$2:$G$1001,الإعدادات!$B$2)) | L11: =IF($A11="","",SUMIFS('سجل المبيعات'!$C$2:$C$1001,'سجل المبيعات'!$B$2:$B$1001,$A11,'سجل المبيعات'!$H$2:$H$1001,4,'سجل المبيعات'!$G$2:$G$1001,الإعدادات!$B$2)) | M11: =IF($A11="","",IFERROR(CHOOSE(ROUNDUP(MONTH(TODAY())/3,0),$F11/$E11,$H11/$G11,$J11/$I11,$L11/$K11),0))
F12: =IF($A12="","",SUMIFS('سجل المبيعات'!$C$2:$C$1001,'سجل المبيعات'!$B$2:$B$1001,$A12,'سجل المبيعات'!$H$2:$H$1001,1,'سجل المبيعات'!$G$2:$G$1001,الإعدادات!$B$2)) | H12: =IF($A12="","",SUMIFS('سجل المبيعات'!$C$2:$C$1001,'سجل المبيعات'!$B$2:$B$1001,$A12,'سجل المبيعات'!$H$2:$H$1001,2,'سجل المبيعات'!$G$2:$G$1001,الإعدادات!$B$2)) | J12: =IF($A12="","",SUMIFS('سجل المبيعات'!$C$2:$C$1001,'سجل المبيعات'!$B$2:$B$1001,$A12,'سجل المبيعات'!$H$2:$H$1001,3,'سجل المبيعات'!$G$2:$G$1001,الإعدادات!$B$2)) | L12: =IF($A12="","",SUMIFS('سجل المبيعات'!$C$2:$C$1001,'سجل المبيعات'!$B$2:$B$1001,$A12,'سجل المبيعات'!$H$2:$H$1001,4,'سجل المبيعات'!$G$2:$G$1001,الإعدادات!$B$2)) | M12: =IF($A12="","",IFERROR(CHOOSE(ROUNDUP(MONTH(TODAY())/3,0),$F12/$E12,$H12/$G12,$J12/$I12,$L12/$K12),0))
F13: =IF($A13="","",SUMIFS('سجل المبيعات'!$C$2:$C$1001,'سجل المبيعات'!$B$2:$B$1001,$A13,'سجل المبيعات'!$H$2:$H$1001,1,'سجل المبيعات'!$G$2:$G$1001,الإعدادات!$B$2)) | H13: =IF($A13="","",SUMIFS('سجل المبيعات'!$C$2:$C$1001,'سجل المبيعات'!$B$2:$B$1001,$A13,'سجل المبيعات'!$H$2:$H$1001,2,'سجل المبيعات'!$G$2:$G$1001,الإعدادات!$B$2)) | J13: =IF($A13="","",SUMIFS('سجل المبيعات'!$C$2:$C$1001,'سجل المبيعات'!$B$2:$B$1001,$A13,'سجل المبيعات'!$H$2:$H$1001,3,'سجل المبيعات'!$G$2:$G$1001,الإعدادات!$B$2)) | L13: =IF($A13="","",SUMIFS('سجل المبيعات'!$C$2:$C$1001,'سجل المبيعات'!$B$2:$B$1001,$A13,'سجل المبيعات'!$H$2:$H$1001,4,'سجل المبيعات'!$G$2:$G$1001,الإعدادات!$B$2)) | M13: =IF($A13="","",IFERROR(CHOOSE(ROUNDUP(MONTH(TODAY())/3,0),$F13/$E13,$H13/$G13,$J13/$I13,$L13/$K13),0))
F14: =IF($A14="","",SUMIFS('سجل المبيعات'!$C$2:$C$1001,'سجل المبيعات'!$B$2:$B$1001,$A14,'سجل المبيعات'!$H$2:$H$1001,1,'سجل المبيعات'!$G$2:$G$1001,الإعدادات!$B$2)) | H14: =IF($A14="","",SUMIFS('سجل المبيعات'!$C$2:$C$1001,'سجل المبيعات'!$B$2:$B$1001,$A14,'سجل المبيعات'!$H$2:$H$1001,2,'سجل المبيعات'!$G$2:$G$1001,الإعدادات!$B$2)) | J14: =IF($A14="","",SUMIFS('سجل المبيعات'!$C$2:$C$1001,'سجل المبيعات'!$B$2:$B$1001,$A14,'سجل المبيعات'!$H$2:$H$1001,3,'سجل المبيعات'!$G$2:$G$1001,الإعدادات!$B$2)) | L14: =IF($A14="","",SUMIFS('سجل المبيعات'!$C$2:$C$1001,'سجل المبيعات'!$B$2:$B$1001,$A14,'سجل المبيعات'!$H$2:$H$1001,4,'سجل المبيعات'!$G$2:$G$1001,الإعدادات!$B$2)) | M14: =IF($A14="","",IFERROR(CHOOSE(ROUNDUP(MONTH(TODAY())/3,0),$F14/$E14,$H14/$G14,$J14/$I14,$L14/$K14),0))
F15: =IF($A15="","",SUMIFS('سجل المبيعات'!$C$2:$C$1001,'سجل المبيعات'!$B$2:$B$1001,$A15,'سجل المبيعات'!$H$2:$H$1001,1,'سجل المبيعات'!$G$2:$G$1001,الإعدادات!$B$2)) | H15: =IF($A15="","",SUMIFS('سجل المبيعات'!$C$2:$C$1001,'سجل المبيعات'!$B$2:$B$1001,$A15,'سجل المبيعات'!$H$2:$H$1001,2,'سجل المبيعات'!$G$2:$G$1001,الإعدادات!$B$2)) | J15: =IF($A15="","",SUMIFS('سجل المبيعات'!$C$2:$C$1001,'سجل المبيعات'!$B$2:$B$1001,$A15,'سجل المبيعات'!$H$2:$H$1001,3,'سجل المبيعات'!$G$2:$G$1001,الإعدادات!$B$2)) | L15: =IF($A15="","",SUMIFS('سجل المبيعات'!$C$2:$C$1001,'سجل المبيعات'!$B$2:$B$1001,$A15,'سجل المبيعات'!$H$2:$H$1001,4,'سجل المبيعات'!$G$2:$G$1001,الإعدادات!$B$2)) | M15: =IF($A15="","",IFERROR(CHOOSE(ROUNDUP(MONTH(TODAY())/3,0),$F15/$E15,$H15/$G15,$J15/$I15,$L15/$K15),0))
F16: =IF($A16="","",SUMIFS('سجل المبيعات'!$C$2:$C$1001,'سجل المبيعات'!$B$2:$B$1001,$A16,'سجل المبيعات'!$H$2:$H$1001,1,'سجل المبيعات'!$G$2:$G$1001,الإعدادات!$B$2)) | H16: =IF($A16="","",SUMIFS('سجل المبيعات'!$C$2:$C$1001,'سجل المبيعات'!$B$2:$B$1001,$A16,'سجل المبيعات'!$H$2:$H$1001,2,'سجل المبيعات'!$G$2:$G$1001,الإعدادات!$B$2)) | J16: =IF($A16="","",SUMIFS('سجل المبيعات'!$C$2:$C$1001,'سجل المبيعات'!$B$2:$B$1001,$A16,'سجل المبيعات'!$H$2:$H$1001,3,'سجل المبيعات'!$G$2:$G$1001,الإعدادات!$B$2)) | L16: =IF($A16="","",SUMIFS('سجل المبيعات'!$C$2:$C$1001,'سجل المبيعات'!$B$2:$B$1001,$A16,'سجل المبيعات'!$H$2:$H$1001,4,'سجل المبيعات'!$G$2:$G$1001,الإعدادات!$B$2)) | M16: =IF($A16="","",IFERROR(CHOOSE(ROUNDUP(MONTH(TODAY())/3,0),$F16/$E16,$H16/$G16,$J16/$I16,$L16/$K16),0))
F17: =IF($A17="","",SUMIFS('سجل المبيعات'!$C$2:$C$1001,'سجل المبيعات'!$B$2:$B$1001,$A17,'سجل المبيعات'!$H$2:$H$1001,1,'سجل المبيعات'!$G$2:$G$1001,الإعدادات!$B$2)) | H17: =IF($A17="","",SUMIFS('سجل المبيعات'!$C$2:$C$1001,'سجل المبيعات'!$B$2:$B$1001,$A17,'سجل المبيعات'!$H$2:$H$1001,2,'سجل المبيعات'!$G$2:$G$1001,الإعدادات!$B$2)) | J17: =IF($A17="","",SUMIFS('سجل المبيعات'!$C$2:$C$1001,'سجل المبيعات'!$B$2:$B$1001,$A17,'سجل المبيعات'!$H$2:$H$1001,3,'سجل المبيعات'!$G$2:$G$1001,الإعدادات!$B$2)) | L17: =IF($A17="","",SUMIFS('سجل المبيعات'!$C$2:$C$1001,'سجل المبيعات'!$B$2:$B$1001,$A17,'سجل المبيعات'!$H$2:$H$1001,4,'سجل المبيعات'!$G$2:$G$1001,الإعدادات!$B$2)) | M17: =IF($A17="","",IFERROR(CHOOSE(ROUNDUP(MONTH(TODAY())/3,0),$F17/$E17,$H17/$G17,$J17/$I17,$L17/$K17),0))
... F61: =IF($A61="","",SUMIFS('سجل المبيعات'!$C$2:$C$1001,'سجل المبيعات'!$B$2:$B$1001,$A61,'سجل المبيعات'!$H$2:$H$1001,1,'سجل المبيعات'!$G$2:$G$1001,الإعدادات!$B$2)) | H61: =IF($A61="","",SUMIFS('سجل المبيعات'!$C$2:$C$1001,'سجل المبيعات'!$B$2:$B$1001,$A61,'سجل المبيعات'!$H$2:$H$1001,2,'سجل المبيعات'!$G$2:$G$1001,الإعدادات!$B$2)) | J61: =IF($A61="","",SUMIFS('سجل المبيعات'!$C$2:$C$1001,'سجل المبيعات'!$B$2:$B$1001,$A61,'سجل المبيعات'!$H$2:$H$1001,3,'سجل المبيعات'!$G$2:$G$1001,الإعدادات!$B$2)) | L61: =IF($A61="","",SUMIFS('سجل المبيعات'!$C$2:$C$1001,'سجل المبيعات'!$B$2:$B$1001,$A61,'سجل المبيعات'!$H$2:$H$1001,4,'سجل المبيعات'!$G$2:$G$1001,الإعدادات!$B$2)) | M61: =IF($A61="","",IFERROR(CHOOSE(ROUNDUP(MONTH(TODAY())/3,0),$F61/$E61,$H61/$G61,$J61/$I61,$L61/$K61),0))

Sheet سجل المبيعات
A1: الطابع الزمني (يملؤه Google Form تلقائياً) | B1: اسم المستشار | C1: قيمة الصفقة (ج.م) | D1: تاريخ الصفقة | E1: ملاحظات | F1: اسم الفريق | G1: السنة | H1: الربع
A2: 46215.375 | B2: Omar Khaled | C2: 850000 | D2: 46215 | E2: شقة - العاصمة الإدارية | F2: =IF($B2="","",IFERROR(VLOOKUP($B2,Agents!$A:$C,3,FALSE),"؟")) | G2: =IF($D2="","",YEAR($D2)) | H2: =IF($D2="","",ROUNDUP(MONTH($D2)/3,0))
A3: 46237.375 | B3: Omar Khaled | C3: 900000 | D3: 46237 | E3: فيلا | F3: =IF($B3="","",IFERROR(VLOOKUP($B3,Agents!$A:$C,3,FALSE),"؟")) | G3: =IF($D3="","",YEAR($D3)) | H3: =IF($D3="","",ROUNDUP(MONTH($D3)/3,0))
A4: 46223.375 | B4: Nour Ibrahim | C4: 1200000 | D4: 46223 | F4: =IF($B4="","",IFERROR(VLOOKUP($B4,Agents!$A:$C,3,FALSE),"؟")) | G4: =IF($D4="","",YEAR($D4)) | H4: =IF($D4="","",ROUNDUP(MONTH($D4)/3,0))
A5: 46266.375 | B5: Mariam Adel | C5: 700000 | D5: 46266 | E5: دفعة أولى | F5: =IF($B5="","",IFERROR(VLOOKUP($B5,Agents!$A:$C,3,FALSE),"؟")) | G5: =IF($D5="","",YEAR($D5)) | H5: =IF($D5="","",ROUNDUP(MONTH($D5)/3,0))
A6: 46127.375 | B6: Youssef Hassan | C6: 500000 | D6: 46127 | E6: الربع الثاني | F6: =IF($B6="","",IFERROR(VLOOKUP($B6,Agents!$A:$C,3,FALSE),"؟")) | G6: =IF($D6="","",YEAR($D6)) | H6: =IF($D6="","",ROUNDUP(MONTH($D6)/3,0))
F7: =IF($B7="","",IFERROR(VLOOKUP($B7,Agents!$A:$C,3,FALSE),"؟")) | G7: =IF($D7="","",YEAR($D7)) | H7: =IF($D7="","",ROUNDUP(MONTH($D7)/3,0))
F8: =IF($B8="","",IFERROR(VLOOKUP($B8,Agents!$A:$C,3,FALSE),"؟")) | G8: =IF($D8="","",YEAR($D8)) | H8: =IF($D8="","",ROUNDUP(MONTH($D8)/3,0))
F9: =IF($B9="","",IFERROR(VLOOKUP($B9,Agents!$A:$C,3,FALSE),"؟")) | G9: =IF($D9="","",YEAR($D9)) | H9: =IF($D9="","",ROUNDUP(MONTH($D9)/3,0))
F10: =IF($B10="","",IFERROR(VLOOKUP($B10,Agents!$A:$C,3,FALSE),"؟")) | G10: =IF($D10="","",YEAR($D10)) | H10: =IF($D10="","",ROUNDUP(MONTH($D10)/3,0))
F11: =IF($B11="","",IFERROR(VLOOKUP($B11,Agents!$A:$C,3,FALSE),"؟")) | G11: =IF($D11="","",YEAR($D11)) | H11: =IF($D11="","",ROUNDUP(MONTH($D11)/3,0))
F12: =IF($B12="","",IFERROR(VLOOKUP($B12,Agents!$A:$C,3,FALSE),"؟")) | G12: =IF($D12="","",YEAR($D12)) | H12: =IF($D12="","",ROUNDUP(MONTH($D12)/3,0))
F13: =IF($B13="","",IFERROR(VLOOKUP($B13,Agents!$A:$C,3,FALSE),"؟")) | G13: =IF($D13="","",YEAR($D13)) | H13: =IF($D13="","",ROUNDUP(MONTH($D13)/3,0))
F14: =IF($B14="","",IFERROR(VLOOKUP($B14,Agents!$A:$C,3,FALSE),"؟")) | G14: =IF($D14="","",YEAR($D14)) | H14: =IF($D14="","",ROUNDUP(MONTH($D14)/3,0))
F15: =IF($B15="","",IFERROR(VLOOKUP($B15,Agents!$A:$C,3,FALSE),"؟")) | G15: =IF($D15="","",YEAR($D15)) | H15: =IF($D15="","",ROUNDUP(MONTH($D15)/3,0))
F16: =IF($B16="","",IFERROR(VLOOKUP($B16,Agents!$A:$C,3,FALSE),"؟")) | G16: =IF($D16="","",YEAR($D16)) | H16: =IF($D16="","",ROUNDUP(MONTH($D16)/3,0))
F17: =IF($B17="","",IFERROR(VLOOKUP($B17,Agents!$A:$C,3,FALSE),"؟")) | G17: =IF($D17="","",YEAR($D17)) | H17: =IF($D17="","",ROUNDUP(MONTH($D17)/3,0))
F18: =IF($B18="","",IFERROR(VLOOKUP($B18,Agents!$A:$C,3,FALSE),"؟")) | G18: =IF($D18="","",YEAR($D18)) | H18: =IF($D18="","",ROUNDUP(MONTH($D18)/3,0))
... F1001: =IF($B1001="","",IFERROR(VLOOKUP($B1001,Agents!$A:$C,3,FALSE),"؟")) | G1001: =IF($D1001="","",YEAR($D1001)) | H1001: =IF($D1001="","",ROUNDUP(MONTH($D1001)/3,0))

Sheet تفاصيل المستشار
A1: تفاصيل مبيعات مستشار
A3: اختر المستشار
A5: الفرع | B5: =IFERROR(VLOOKUP('تفاصيل المستشار'!$B$3,Agents!$A:$C,3,FALSE),"")
A6: مستهدف الربع الحالي | B6: =IFERROR(CHOOSE(ROUNDUP(MONTH(TODAY())/3,0),VLOOKUP('تفاصيل المستشار'!$B$3,Agents!$A:$E,5,FALSE),VLOOKUP('تفاصيل المستشار'!$B$3,Agents!$A:$G,7,FALSE),VLOOKUP('تفاصيل المستشار'!$B$3,Agents!$A:$I,9,FALSE),VLOOKUP('تفاصيل المستشار'!$B$3,Agents!$A:$K,11,FALSE)),0)
A7: مبيعات الربع الحالي | B7: =IFERROR(CHOOSE(ROUNDUP(MONTH(TODAY())/3,0),VLOOKUP('تفاصيل المستشار'!$B$3,Agents!$A:$F,6,FALSE),VLOOKUP('تفاصيل المستشار'!$B$3,Agents!$A:$H,8,FALSE),VLOOKUP('تفاصيل المستشار'!$B$3,Agents!$A:$J,10,FALSE),VLOOKUP('تفاصيل المستشار'!$B$3,Agents!$A:$L,12,FALSE)),0)
A8: نسبة الإنجاز | B8: =IFERROR(VLOOKUP('تفاصيل المستشار'!$B$3,Agents!$A:$M,13,FALSE),0)
A10: كل صفقات هذا المستشار (تُحدَّث فوراً عند اختيار اسم مختلف):
A11: قيمة الصفقة (ج.م) | B11: تاريخ الصفقة | C11: ملاحظات
A12: =IFERROR(FILTER('سجل المبيعات'!$C$2:$E$1001,'سجل المبيعات'!$B$2:$B$1001='تفاصيل المستشار'!$B$3),"لا توجد صفقات مسجَّلة بعد")
